{
  "C": 2.50311287534272,
  "tol": 0.0013682433520218029,
  "solver": "saga"
}